<cacti>	
	<hash_000013f76b1711196814fd932af19e4d642404>
		<name>Mikrotik Simple Queue</name>
		<graph>
			<t_title>on</t_title>
			<title>|host_description| - Traffic - |query_qtName|</title>
			<t_image_format_id></t_image_format_id>
			<image_format_id>1</image_format_id>
			<t_height></t_height>
			<height>120</height>
			<t_width></t_width>
			<width>500</width>
			<t_auto_scale></t_auto_scale>
			<auto_scale>on</auto_scale>
			<t_auto_scale_opts></t_auto_scale_opts>
			<auto_scale_opts>2</auto_scale_opts>
			<t_auto_scale_log></t_auto_scale_log>
			<auto_scale_log></auto_scale_log>
			<t_auto_scale_rigid></t_auto_scale_rigid>
			<auto_scale_rigid>on</auto_scale_rigid>
			<t_auto_padding></t_auto_padding>
			<auto_padding>on</auto_padding>
			<t_export></t_export>
			<export>on</export>
			<t_upper_limit></t_upper_limit>
			<upper_limit>100</upper_limit>
			<t_lower_limit></t_lower_limit>
			<lower_limit>0</lower_limit>
			<t_base_value></t_base_value>
			<base_value>1000</base_value>
			<t_unit_value></t_unit_value>
			<unit_value></unit_value>
			<t_unit_exponent_value></t_unit_exponent_value>
			<unit_exponent_value></unit_exponent_value>
			<t_vertical_label></t_vertical_label>
			<vertical_label>bits per second</vertical_label>
		</graph>
		<items>
			<hash_10001361d145a10a0f69ec54f1326e0a8f25c4>
				<task_item_id>hash_080013c7991a3bf6819cccf62ce49fe6f5171f</task_item_id>
				<color_id>00CF00</color_id>
				<graph_type_id>7</graph_type_id>
				<consolidation_function_id>1</consolidation_function_id>
				<cdef_id>hash_05001373f95f8b77b5508157d64047342c421e</cdef_id>
				<value></value>
				<gprint_id>hash_060013e9c43831e54eca8069317a2ce8c6f751</gprint_id>
				<text_format>Download</text_format>
				<hard_return></hard_return>
				<sequence>1</sequence>
			</hash_10001361d145a10a0f69ec54f1326e0a8f25c4>
			<hash_100013013e7ad9c7c6fa4761bea4347cb54080>
				<task_item_id>hash_080013c7991a3bf6819cccf62ce49fe6f5171f</task_item_id>
				<color_id>0</color_id>
				<graph_type_id>9</graph_type_id>
				<consolidation_function_id>4</consolidation_function_id>
				<cdef_id>hash_05001373f95f8b77b5508157d64047342c421e</cdef_id>
				<value></value>
				<gprint_id>hash_060013e9c43831e54eca8069317a2ce8c6f751</gprint_id>
				<text_format>Current:</text_format>
				<hard_return></hard_return>
				<sequence>2</sequence>
			</hash_100013013e7ad9c7c6fa4761bea4347cb54080>
			<hash_100013902744a5616a67616c4b7e0f19c36552>
				<task_item_id>hash_080013c7991a3bf6819cccf62ce49fe6f5171f</task_item_id>
				<color_id>0</color_id>
				<graph_type_id>9</graph_type_id>
				<consolidation_function_id>1</consolidation_function_id>
				<cdef_id>hash_05001373f95f8b77b5508157d64047342c421e</cdef_id>
				<value></value>
				<gprint_id>hash_060013e9c43831e54eca8069317a2ce8c6f751</gprint_id>
				<text_format>Average:</text_format>
				<hard_return></hard_return>
				<sequence>3</sequence>
			</hash_100013902744a5616a67616c4b7e0f19c36552>
			<hash_1000131971523913720c68b669fe5ecf924427>
				<task_item_id>hash_080013c7991a3bf6819cccf62ce49fe6f5171f</task_item_id>
				<color_id>0</color_id>
				<graph_type_id>9</graph_type_id>
				<consolidation_function_id>3</consolidation_function_id>
				<cdef_id>hash_05001373f95f8b77b5508157d64047342c421e</cdef_id>
				<value></value>
				<gprint_id>hash_060013e9c43831e54eca8069317a2ce8c6f751</gprint_id>
				<text_format>Maximum:</text_format>
				<hard_return>on</hard_return>
				<sequence>5</sequence>
			</hash_1000131971523913720c68b669fe5ecf924427>
			<hash_10001332ead242e052edd141a5647d61ab85cb>
				<task_item_id>hash_08001347dff1b2d0ac068ba8695c4d894a87fb</task_item_id>
				<color_id>0D006A</color_id>
				<graph_type_id>4</graph_type_id>
				<consolidation_function_id>1</consolidation_function_id>
				<cdef_id>hash_05001373f95f8b77b5508157d64047342c421e</cdef_id>
				<value></value>
				<gprint_id>hash_060013e9c43831e54eca8069317a2ce8c6f751</gprint_id>
				<text_format>Upload</text_format>
				<hard_return></hard_return>
				<sequence>6</sequence>
			</hash_10001332ead242e052edd141a5647d61ab85cb>
			<hash_100013b8699498d7d8b8b424e197b51f5c09df>
				<task_item_id>hash_08001347dff1b2d0ac068ba8695c4d894a87fb</task_item_id>
				<color_id>0</color_id>
				<graph_type_id>9</graph_type_id>
				<consolidation_function_id>4</consolidation_function_id>
				<cdef_id>hash_05001373f95f8b77b5508157d64047342c421e</cdef_id>
				<value></value>
				<gprint_id>hash_060013e9c43831e54eca8069317a2ce8c6f751</gprint_id>
				<text_format>Current:</text_format>
				<hard_return></hard_return>
				<sequence>7</sequence>
			</hash_100013b8699498d7d8b8b424e197b51f5c09df>
			<hash_10001392ea0748ead4d02227d7f883aa28c4e5>
				<task_item_id>hash_08001347dff1b2d0ac068ba8695c4d894a87fb</task_item_id>
				<color_id>0</color_id>
				<graph_type_id>9</graph_type_id>
				<consolidation_function_id>1</consolidation_function_id>
				<cdef_id>hash_05001373f95f8b77b5508157d64047342c421e</cdef_id>
				<value></value>
				<gprint_id>hash_060013e9c43831e54eca8069317a2ce8c6f751</gprint_id>
				<text_format>Average:</text_format>
				<hard_return></hard_return>
				<sequence>8</sequence>
			</hash_10001392ea0748ead4d02227d7f883aa28c4e5>
			<hash_100013ec79ca0b9043e6488757e7726e8f88a8>
				<task_item_id>hash_08001347dff1b2d0ac068ba8695c4d894a87fb</task_item_id>
				<color_id>0</color_id>
				<graph_type_id>9</graph_type_id>
				<consolidation_function_id>3</consolidation_function_id>
				<cdef_id>hash_05001373f95f8b77b5508157d64047342c421e</cdef_id>
				<value></value>
				<gprint_id>hash_060013e9c43831e54eca8069317a2ce8c6f751</gprint_id>
				<text_format>Maximum:</text_format>
				<hard_return></hard_return>
				<sequence>9</sequence>
			</hash_100013ec79ca0b9043e6488757e7726e8f88a8>
		</items>
		<inputs>
			<hash_090013911a764f5971455563745a335c257bb0>
				<name>Data Source [qtBytesOut]</name>
				<description></description>
				<column_name>task_item_id</column_name>
				<items>hash_00001332ead242e052edd141a5647d61ab85cb|hash_000013b8699498d7d8b8b424e197b51f5c09df|hash_00001392ea0748ead4d02227d7f883aa28c4e5|hash_000013ec79ca0b9043e6488757e7726e8f88a8</items>
			</hash_090013911a764f5971455563745a335c257bb0>
			<hash_090013a1752ce28e19aaaf612b717f3648bd29>
				<name>Data Source [qtBytesIn]</name>
				<description></description>
				<column_name>task_item_id</column_name>
				<items>hash_00001361d145a10a0f69ec54f1326e0a8f25c4|hash_000013013e7ad9c7c6fa4761bea4347cb54080|hash_000013902744a5616a67616c4b7e0f19c36552|hash_0000131971523913720c68b669fe5ecf924427</items>
			</hash_090013a1752ce28e19aaaf612b717f3648bd29>
		</inputs>
	</hash_000013f76b1711196814fd932af19e4d642404>
	<hash_010013091fa41c0d6c766708ae8343cf02755f>
		<name>Mikrotik Simple Queue</name>
		<ds>
			<t_name>on</t_name>
			<name>|host_description| - Bytes - |query_qtName|</name>
			<data_input_id>hash_030013bf566c869ac6443b0c75d1c32b5a350e</data_input_id>
			<t_rra_id></t_rra_id>
			<t_rrd_step></t_rrd_step>
			<rrd_step>300</rrd_step>
			<t_active></t_active>
			<active>on</active>
			<rra_items>hash_150013c21df5178e5c955013591239eb0afd46|hash_1500130d9c0af8b8acdc7807943937b3208e29|hash_1500136fc2d038fb42950138b0ce3e9874cc60|hash_150013e36f3adb9f152adfa5dc50fd2b23337e</rra_items>
		</ds>
		<items>
			<hash_08001347dff1b2d0ac068ba8695c4d894a87fb>
				<t_data_source_name></t_data_source_name>
				<data_source_name>qtBytesOut</data_source_name>
				<t_rrd_minimum></t_rrd_minimum>
				<rrd_minimum>0</rrd_minimum>
				<t_rrd_maximum>on</t_rrd_maximum>
				<rrd_maximum>2000000</rrd_maximum>
				<t_data_source_type_id></t_data_source_type_id>
				<data_source_type_id>2</data_source_type_id>
				<t_rrd_heartbeat></t_rrd_heartbeat>
				<rrd_heartbeat>600</rrd_heartbeat>
				<t_data_input_field_id></t_data_input_field_id>
				<data_input_field_id>0</data_input_field_id>
			</hash_08001347dff1b2d0ac068ba8695c4d894a87fb>
			<hash_080013c7991a3bf6819cccf62ce49fe6f5171f>
				<t_data_source_name></t_data_source_name>
				<data_source_name>qtBytesIn</data_source_name>
				<t_rrd_minimum></t_rrd_minimum>
				<rrd_minimum>0</rrd_minimum>
				<t_rrd_maximum>on</t_rrd_maximum>
				<rrd_maximum>2000000</rrd_maximum>
				<t_data_source_type_id></t_data_source_type_id>
				<data_source_type_id>2</data_source_type_id>
				<t_rrd_heartbeat></t_rrd_heartbeat>
				<rrd_heartbeat>600</rrd_heartbeat>
				<t_data_input_field_id></t_data_input_field_id>
				<data_input_field_id>0</data_input_field_id>
			</hash_080013c7991a3bf6819cccf62ce49fe6f5171f>
		</items>
		<data>
			<item_000>
				<data_input_field_id>hash_070013cbbe5c1ddfb264a6e5d509ce1c78c95f</data_input_field_id>
				<t_value>on</t_value>
				<value></value>
			</item_000>
			<item_001>
				<data_input_field_id>hash_070013e6deda7be0f391399c5130e7c4a48b28</data_input_field_id>
				<t_value>on</t_value>
				<value></value>
			</item_001>
			<item_002>
				<data_input_field_id>hash_070013c1f36ee60c3dc98945556d57f26e475b</data_input_field_id>
				<t_value></t_value>
				<value></value>
			</item_002>
			<item_003>
				<data_input_field_id>hash_0700136027a919c7c7731fbe095b6f53ab127b</data_input_field_id>
				<t_value>on</t_value>
				<value></value>
			</item_003>
			<item_004>
				<data_input_field_id>hash_070013b5c23f246559df38662c255f4aa21d6b</data_input_field_id>
				<t_value></t_value>
				<value></value>
			</item_004>
			<item_005>
				<data_input_field_id>hash_0700131cc1493a6781af2c478fa4de971531cf</data_input_field_id>
				<t_value></t_value>
				<value></value>
			</item_005>
			<item_006>
				<data_input_field_id>hash_070013acb449d1451e8a2a655c2c99d31142c7</data_input_field_id>
				<t_value></t_value>
				<value></value>
			</item_006>
			<item_007>
				<data_input_field_id>hash_070013f4facc5e2ca7ebee621f09bc6d9fc792</data_input_field_id>
				<t_value></t_value>
				<value></value>
			</item_007>
			<item_008>
				<data_input_field_id>hash_070013617cdc8a230615e59f06f361ef6e7728</data_input_field_id>
				<t_value></t_value>
				<value></value>
			</item_008>
		</data>
	</hash_010013091fa41c0d6c766708ae8343cf02755f>
	<hash_030013bf566c869ac6443b0c75d1c32b5a350e>
		<name>Get SNMP Data (Indexed)</name>
		<type_id>3</type_id>
		<input_string></input_string>
		<fields>
			<hash_070013617cdc8a230615e59f06f361ef6e7728>
				<name>SNMP IP Address</name>
				<update_rra></update_rra>
				<regexp_match></regexp_match>
				<allow_nulls></allow_nulls>
				<type_code>hostname</type_code>
				<input_output>in</input_output>
				<data_name>management_ip</data_name>
			</hash_070013617cdc8a230615e59f06f361ef6e7728>
			<hash_070013acb449d1451e8a2a655c2c99d31142c7>
				<name>SNMP Community</name>
				<update_rra></update_rra>
				<regexp_match></regexp_match>
				<allow_nulls></allow_nulls>
				<type_code>snmp_community</type_code>
				<input_output>in</input_output>
				<data_name>snmp_community</data_name>
			</hash_070013acb449d1451e8a2a655c2c99d31142c7>
			<hash_070013f4facc5e2ca7ebee621f09bc6d9fc792>
				<name>SNMP Username (v3)</name>
				<update_rra></update_rra>
				<regexp_match></regexp_match>
				<allow_nulls>on</allow_nulls>
				<type_code>snmp_username</type_code>
				<input_output>in</input_output>
				<data_name>snmp_username</data_name>
			</hash_070013f4facc5e2ca7ebee621f09bc6d9fc792>
			<hash_0700131cc1493a6781af2c478fa4de971531cf>
				<name>SNMP Password (v3)</name>
				<update_rra></update_rra>
				<regexp_match></regexp_match>
				<allow_nulls>on</allow_nulls>
				<type_code>snmp_password</type_code>
				<input_output>in</input_output>
				<data_name>snmp_password</data_name>
			</hash_0700131cc1493a6781af2c478fa4de971531cf>
			<hash_070013b5c23f246559df38662c255f4aa21d6b>
				<name>SNMP Version (1, 2, or 3)</name>
				<update_rra></update_rra>
				<regexp_match></regexp_match>
				<allow_nulls></allow_nulls>
				<type_code>snmp_version</type_code>
				<input_output>in</input_output>
				<data_name>snmp_version</data_name>
			</hash_070013b5c23f246559df38662c255f4aa21d6b>
			<hash_0700136027a919c7c7731fbe095b6f53ab127b>
				<name>Index Type</name>
				<update_rra></update_rra>
				<regexp_match></regexp_match>
				<allow_nulls></allow_nulls>
				<type_code>index_type</type_code>
				<input_output>in</input_output>
				<data_name>index_type</data_name>
			</hash_0700136027a919c7c7731fbe095b6f53ab127b>
			<hash_070013cbbe5c1ddfb264a6e5d509ce1c78c95f>
				<name>Index Value</name>
				<update_rra></update_rra>
				<regexp_match></regexp_match>
				<allow_nulls></allow_nulls>
				<type_code>index_value</type_code>
				<input_output>in</input_output>
				<data_name>index_value</data_name>
			</hash_070013cbbe5c1ddfb264a6e5d509ce1c78c95f>
			<hash_070013e6deda7be0f391399c5130e7c4a48b28>
				<name>Output Type ID</name>
				<update_rra></update_rra>
				<regexp_match></regexp_match>
				<allow_nulls></allow_nulls>
				<type_code>output_type</type_code>
				<input_output>in</input_output>
				<data_name>output_type</data_name>
			</hash_070013e6deda7be0f391399c5130e7c4a48b28>
			<hash_070013c1f36ee60c3dc98945556d57f26e475b>
				<name>SNMP Port</name>
				<update_rra></update_rra>
				<regexp_match></regexp_match>
				<allow_nulls></allow_nulls>
				<type_code>snmp_port</type_code>
				<input_output>in</input_output>
				<data_name>snmp_port</data_name>
			</hash_070013c1f36ee60c3dc98945556d57f26e475b>
		</fields>
	</hash_030013bf566c869ac6443b0c75d1c32b5a350e>
	<hash_150013c21df5178e5c955013591239eb0afd46>
		<name>Daily (5 Minute Average)</name>
		<x_files_factor>0.5</x_files_factor>
		<steps>1</steps>
		<rows>600</rows>
		<timespan>86400</timespan>
		<cf_items>1|2|3|4</cf_items>
	</hash_150013c21df5178e5c955013591239eb0afd46>
	<hash_1500130d9c0af8b8acdc7807943937b3208e29>
		<name>Weekly (30 Minute Average)</name>
		<x_files_factor>0.5</x_files_factor>
		<steps>6</steps>
		<rows>700</rows>
		<timespan>604800</timespan>
		<cf_items>1|2|3|4</cf_items>
	</hash_1500130d9c0af8b8acdc7807943937b3208e29>
	<hash_1500136fc2d038fb42950138b0ce3e9874cc60>
		<name>Monthly (2 Hour Average)</name>
		<x_files_factor>0.5</x_files_factor>
		<steps>24</steps>
		<rows>775</rows>
		<timespan>2678400</timespan>
		<cf_items>1|2|3|4</cf_items>
	</hash_1500136fc2d038fb42950138b0ce3e9874cc60>
	<hash_150013e36f3adb9f152adfa5dc50fd2b23337e>
		<name>Yearly (1 Day Average)</name>
		<x_files_factor>0.5</x_files_factor>
		<steps>288</steps>
		<rows>797</rows>
		<timespan>33053184</timespan>
		<cf_items>1|2|3|4</cf_items>
	</hash_150013e36f3adb9f152adfa5dc50fd2b23337e>
	<hash_05001373f95f8b77b5508157d64047342c421e>
		<name>Turn Bytes into Bits</name>
		<items>
			<hash_1400139bbf6b792507bb9bb17d2af0970f9be9>
				<sequence>1</sequence>
				<type>4</type>
				<value>CURRENT_DATA_SOURCE</value>
			</hash_1400139bbf6b792507bb9bb17d2af0970f9be9>
			<hash_140013a4b8eb2c3bf4920a3ef571a7a004be53>
				<sequence>2</sequence>
				<type>6</type>
				<value>8</value>
			</hash_140013a4b8eb2c3bf4920a3ef571a7a004be53>
			<hash_140013caa4e023ac2d7b1c4b4c8c4adfd55dfe>
				<sequence>3</sequence>
				<type>2</type>
				<value>3</value>
			</hash_140013caa4e023ac2d7b1c4b4c8c4adfd55dfe>
		</items>
	</hash_05001373f95f8b77b5508157d64047342c421e>
	<hash_060013e9c43831e54eca8069317a2ce8c6f751>
		<name>Normal</name>
		<gprint_text>%8.2lf%s</gprint_text>
	</hash_060013e9c43831e54eca8069317a2ce8c6f751>
</cacti>