<query>
        <name>Get SNMP Queue Simple</name>
        <description>Queries a host for a list of Queue Simple</description>
        <index_order_type>numeric</index_order_type>
        <oid_index>.1.3.6.1.4.1.14988.1.1.2.1.1</oid_index>

        <fields>
                <qtName>
                        <name>Name</name>
                        <method>walk</method>
                        <source>value</source>
                        <direction>input</direction>
                        <oid>.1.3.6.1.4.1.14988.1.1.2.1.1.2</oid>
                </qtName>
                <qtBytesIn>
                        <name>bytes in</name>
                        <method>walk</method>
                        <source>value</source>
                        <direction>output</direction>
                        <oid>.1.3.6.1.4.1.14988.1.1.2.1.1.8</oid>
                </qtBytesIn>
                <qtBytesOut>
                        <name>bytes out</name>
                        <method>walk</method>
                        <source>value</source>
                        <direction>output</direction>
                        <oid>.1.3.6.1.4.1.14988.1.1.2.1.1.9</oid>
                </qtBytesOut>
                <qtPacketsIn>
                        <name>packets in</name>
                        <method>walk</method>
                        <source>value</source>
                        <direction>output</direction>
                        <oid>.1.3.6.1.4.1.14988.1.1.2.1.1.10</oid>
                </qtPacketsIn>
                <qtPacketsOut>
                        <name>packets out</name>
                        <method>walk</method>
                        <source>value</source>
                        <direction>output</direction>
                        <oid>.1.3.6.1.4.1.14988.1.1.2.1.1.11</oid>
                </qtPacketsOut>

        </fields>
</query>